,coal
20181201T00-05,1248
20181130T23-05,1430
20181130T22-05,1591
20181130T21-05,1586
20181130T20-05,1598
20181130T19-05,1599
20181130T18-05,1587
20181130T17-05,1599
20181130T16-05,1595
20181130T15-05,1581
20181130T14-05,1596
20181130T13-05,1590
20181130T12-05,1583
20181130T11-05,1578
20181130T10-05,1567
20181130T09-05,1582
20181130T08-05,1498
20181130T07-05,1409
20181130T06-05,1223
20181130T05-05,1052
20181130T04-05,1112
20181130T03-05,1107
20181130T02-05,1107
20181130T01-05,1101
20181130T00-05,1105
20181129T23-05,1407
20181129T22-05,1820
20181129T21-05,1815
20181129T20-05,1816
20181129T19-05,1817
20181129T18-05,1808
20181129T17-05,1825
20181129T16-05,1817
20181129T15-05,1775
20181129T14-05,1783
20181129T13-05,1784
20181129T12-05,1804
20181129T11-05,1803
20181129T10-05,1812
20181129T09-05,1813
20181129T08-05,1807
20181129T07-05,1738
20181129T06-05,1680
20181129T05-05,1676
20181129T04-05,1676
20181129T03-05,1676
20181129T02-05,1678
20181129T01-05,1724
20181129T00-05,1798
20181128T23-05,1915
20181128T22-05,1941
20181128T21-05,1947
20181128T20-05,1945
20181128T19-05,1949
20181128T18-05,1948
20181128T17-05,1953
20181128T16-05,1953
20181128T15-05,1947
20181128T14-05,1942
20181128T13-05,1937
20181128T12-05,1936
20181128T11-05,1921
20181128T10-05,1914
20181128T09-05,1917
20181128T08-05,1916
20181128T07-05,1868
20181128T06-05,1500
20181128T05-05,1222
20181128T04-05,1226
20181128T03-05,1223
20181128T02-05,1224
20181128T01-05,1257
20181128T00-05,1342
20181127T23-05,1564
20181127T22-05,1901
20181127T21-05,1901
20181127T20-05,1903
20181127T19-05,1899
20181127T18-05,1890
20181127T17-05,1911
20181127T16-05,1901
20181127T15-05,1895
20181127T14-05,1907
20181127T13-05,1897
20181127T12-05,1894
20181127T11-05,2029
20181127T10-05,2027
20181127T09-05,2008
20181127T08-05,2016
20181127T07-05,2011
20181127T06-05,2016
20181127T05-05,2047
20181127T04-05,2124
20181127T03-05,2130
20181127T02-05,2132
20181127T01-05,2118
20181127T00-05,2117
20181126T23-05,2133
20181126T22-05,2140
20181126T21-05,2134
20181126T20-05,2159
20181126T19-05,2148
20181126T18-05,2132
20181126T17-05,2104
20181126T16-05,2107
20181126T15-05,2112
20181126T14-05,2114
20181126T13-05,2117
20181126T12-05,2073
20181126T11-05,2043
20181126T10-05,2032
20181126T09-05,2004
20181126T08-05,1981
20181126T07-05,1919
20181126T06-05,1873
20181126T05-05,1798
20181126T04-05,1732
20181126T03-05,1655
20181126T02-05,1615
20181126T01-05,1590
20181126T00-05,1602
20181125T23-05,1611
20181125T22-05,1603
20181125T21-05,1605
20181125T20-05,1609
20181125T19-05,1617
20181125T18-05,1609
20181125T17-05,1605
20181125T16-05,1594
20181125T15-05,1569
20181125T14-05,1577
20181125T13-05,1576
20181125T12-05,1587
20181125T11-05,1579
20181125T10-05,1578
20181125T09-05,1562
20181125T08-05,1565
20181125T07-05,1488
20181125T06-05,1136
20181125T05-05,1014
20181125T04-05,1022
20181125T03-05,1013
20181125T02-05,1017
20181125T01-05,1013
20181125T00-05,1011
20181124T23-05,1292
20181124T22-05,1591
20181124T21-05,1588
20181124T20-05,1595
20181124T19-05,1800
20181124T18-05,1997
20181124T17-05,1992
20181124T16-05,1983
20181124T15-05,1981
20181124T14-05,1990
20181124T13-05,1985
20181124T12-05,1988
20181124T11-05,1993
20181124T10-05,1990
20181124T09-05,1980
20181124T08-05,1940
20181124T07-05,1922
20181124T06-05,2008
20181124T05-05,2078
20181124T04-05,2077
20181124T03-05,2082
20181124T02-05,2078
20181124T01-05,2075
20181124T00-05,2070
20181123T23-05,2062
20181123T22-05,2067
20181123T21-05,2051
20181123T20-05,2155
20181123T19-05,2170
20181123T18-05,2167
20181123T17-05,2126
20181123T16-05,1915
20181123T15-05,1635
20181123T14-05,1624
20181123T13-05,1625
20181123T12-05,1628
20181123T11-05,1631
20181123T10-05,1651
20181123T09-05,1972
20181123T08-05,2195
20181123T07-05,2151
20181123T06-05,1830
20181123T05-05,1633
20181123T04-05,1634
20181123T03-05,1644
20181123T02-05,1639
20181123T01-05,1623
20181123T00-05,1648
20181122T23-05,1942
20181122T22-05,2217
20181122T21-05,2218
20181122T20-05,2214
20181122T19-05,2215
20181122T18-05,2200
20181122T17-05,2211
20181122T16-05,2220
20181122T15-05,2209
20181122T14-05,2218
20181122T13-05,2216
20181122T12-05,2209
20181122T11-05,2215
20181122T10-05,2209
20181122T09-05,2220
20181122T08-05,2204
20181122T07-05,2211
20181122T06-05,2207
20181122T05-05,2203
20181122T04-05,2199
20181122T03-05,2201
20181122T02-05,2206
20181122T01-05,2205
20181122T00-05,2206
20181121T23-05,2208
20181121T22-05,2202
20181121T21-05,2201
20181121T20-05,2203
20181121T19-05,2201
20181121T18-05,2216
20181121T17-05,2196
20181121T16-05,2204
20181121T15-05,2195
20181121T14-05,2154
20181121T13-05,2081
20181121T12-05,2159
20181121T11-05,2176
20181121T10-05,2182
20181121T09-05,2149
20181121T08-05,2122
20181121T07-05,2082
20181121T06-05,1838
20181121T05-05,1570
20181121T04-05,1574
20181121T03-05,1578
20181121T02-05,1573
20181121T01-05,1576
20181121T00-05,1581
20181120T23-05,1799
20181120T22-05,2153
20181120T21-05,2165
20181120T20-05,2162
20181120T19-05,2124
20181120T18-05,2159
20181120T17-05,2157
20181120T16-05,2161
20181120T15-05,2159
20181120T14-05,2158
20181120T13-05,2153
20181120T12-05,2154
20181120T11-05,2151
20181120T10-05,2144
20181120T09-05,2150
20181120T08-05,2139
20181120T07-05,2148
20181120T06-05,2132
20181120T05-05,2081
20181120T04-05,2040
20181120T03-05,2026
20181120T02-05,1971
20181120T01-05,1956
20181120T00-05,2045
20181119T23-05,2049
20181119T22-05,2079
20181119T21-05,2056
20181119T20-05,2049
20181119T19-05,2054
20181119T18-05,2038
20181119T17-05,1970
20181119T16-05,1921
20181119T15-05,1920
20181119T14-05,1874
20181119T13-05,1838
20181119T12-05,1896
20181119T11-05,1940
20181119T10-05,1930
20181119T09-05,1926
20181119T08-05,1923
20181119T07-05,1919
20181119T06-05,1881
20181119T05-05,1915
20181119T04-05,1979
20181119T03-05,1971
20181119T02-05,1976
20181119T01-05,1971
20181119T00-05,2008
20181118T23-05,2017
20181118T22-05,2076
20181118T21-05,2070
20181118T20-05,2054
20181118T19-05,2049
20181118T18-05,2047
20181118T17-05,2037
20181118T16-05,2032
20181118T15-05,2042
20181118T14-05,2008
20181118T13-05,1999
20181118T12-05,2008
20181118T11-05,1999
20181118T10-05,1996
20181118T09-05,1926
20181118T08-05,1877
20181118T07-05,1746
20181118T06-05,1597
20181118T05-05,1482
20181118T04-05,1437
20181118T03-05,1413
20181118T02-05,1410
20181118T01-05,1411
20181118T00-05,1404
20181117T23-05,1601
20181117T22-05,1917
20181117T21-05,1920
20181117T20-05,1911
20181117T19-05,1908
20181117T18-05,1914
20181117T17-05,1906
20181117T16-05,1903
20181117T15-05,1903
20181117T14-05,1892
20181117T13-05,1898
20181117T12-05,1928
20181117T11-05,1928
20181117T10-05,1929
20181117T09-05,1933
20181117T08-05,1928
20181117T07-05,1917
20181117T06-05,1909
20181117T05-05,1904
20181117T04-05,1897
20181117T03-05,1866
20181117T02-05,1832
20181117T01-05,1768
20181117T00-05,1699
20181116T23-05,1662
20181116T22-05,1664
20181116T21-05,1671
20181116T20-05,1665
20181116T19-05,1653
20181116T18-05,1663
20181116T17-05,1651
20181116T16-05,1666
20181116T15-05,1661
20181116T14-05,1657
20181116T13-05,1660
20181116T12-05,1651
20181116T11-05,1637
20181116T10-05,1645
20181116T09-05,1639
20181116T08-05,1617
20181116T07-05,1556
20181116T06-05,1407
20181116T05-05,1286
20181116T04-05,1306
20181116T03-05,1310
20181116T02-05,1303
20181116T01-05,1310
20181116T00-05,1313
20181115T23-05,1499
20181115T22-05,1747
20181115T21-05,1750
20181115T20-05,1750
20181115T19-05,1742
20181115T18-05,1721
20181115T17-05,1712
20181115T16-05,1683
20181115T15-05,1665
20181115T14-05,1616
20181115T13-05,1566
20181115T12-05,1545
20181115T11-05,1552
20181115T10-05,1572
20181115T09-05,1724
20181115T08-05,1765
20181115T07-05,1771
20181115T06-05,1773
20181115T05-05,1755
20181115T04-05,1763
20181115T03-05,1763
20181115T02-05,1760
20181115T01-05,1758
20181115T00-05,1752
20181114T23-05,1751
20181114T22-05,1759
20181114T21-05,1737
20181114T20-05,1699
20181114T19-05,1666
20181114T18-05,1675
20181114T17-05,1663
20181114T16-05,1672
20181114T15-05,1669
20181114T14-05,1668
20181114T13-05,1778
20181114T12-05,1854
20181114T11-05,1851
20181114T10-05,1851
20181114T09-05,1837
20181114T08-05,1821
20181114T07-05,1822
20181114T06-05,1663
20181114T05-05,1594
20181114T04-05,1598
20181114T03-05,1592
20181114T02-05,1590
20181114T01-05,1584
20181114T00-05,1597
20181113T23-05,1711
20181113T22-05,1814
20181113T21-05,1817
20181113T20-05,1819
20181113T19-05,1804
20181113T18-05,1800
20181113T17-05,1813
20181113T16-05,1776
20181113T15-05,1734
20181113T14-05,1699
20181113T13-05,1612
20181113T12-05,1536
20181113T11-05,1531
20181113T10-05,1536
20181113T09-05,1534
20181113T08-05,1546
20181113T07-05,1554
20181113T06-05,1556
20181113T05-05,1522
20181113T04-05,1482
20181113T03-05,1470
20181113T02-05,1426
20181113T01-05,1390
20181113T00-05,1357
20181112T23-05,1353
20181112T22-05,1360
20181112T21-05,1337
20181112T20-05,1334
20181112T19-05,1319
20181112T18-05,1292
20181112T17-05,1258
20181112T16-05,1232
20181112T15-05,1208
20181112T14-05,1196
20181112T13-05,1147
20181112T12-05,1138
20181112T11-05,1137
20181112T10-05,1136
20181112T09-05,1137
20181112T08-05,1139
20181112T07-05,1119
20181112T06-05,1131
20181112T05-05,1120
20181112T04-05,1115
20181112T03-05,1125
20181112T02-05,1120
20181112T01-05,1119
20181112T00-05,1128
20181111T23-05,1126
20181111T22-05,1121
20181111T21-05,1126
20181111T20-05,1108
20181111T19-05,1007
20181111T18-05,965
20181111T17-05,964
20181111T16-05,1068
20181111T15-05,1118
20181111T14-05,1124
20181111T13-05,1122
20181111T12-05,1122
20181111T11-05,1122
20181111T10-05,1125
20181111T09-05,1128
20181111T08-05,1119
20181111T07-05,1102
20181111T06-05,972
20181111T05-05,890
20181111T04-05,863
20181111T03-05,847
20181111T02-05,855
20181111T01-05,850
20181111T00-05,850
20181110T23-05,954
20181110T22-05,1067
20181110T21-05,1074
20181110T20-05,1064
20181110T19-05,987
20181110T18-05,1092
20181110T17-05,1114
20181110T16-05,1112
20181110T15-05,1122
20181110T14-05,1122
20181110T13-05,1126
20181110T12-05,1129
20181110T11-05,1133
20181110T10-05,1124
20181110T09-05,1131
20181110T08-05,1123
20181110T07-05,1128
20181110T06-05,1114
20181110T05-05,1120
20181110T04-05,1115
20181110T03-05,1114
20181110T02-05,1115
20181110T01-05,1117
20181110T00-05,1226
20181109T23-05,1267
20181109T22-05,1265
20181109T21-05,1262
20181109T20-05,1258
20181109T19-05,1264
20181109T18-05,1273
20181109T17-05,1271
20181109T16-05,1251
20181109T15-05,1237
20181109T14-05,1235
20181109T13-05,1209
20181109T12-05,1202
20181109T11-05,1204
20181109T10-05,1196
20181109T09-05,1233
20181109T08-05,1263
20181109T07-05,1255
20181109T06-05,1136
20181109T05-05,1058
20181109T04-05,1060
20181109T03-05,1067
20181109T02-05,1079
20181109T01-05,1089
20181109T00-05,1063
20181108T23-05,1219
20181108T22-05,1309
20181108T21-05,1319
20181108T20-05,1316
20181108T19-05,1316
20181108T18-05,1315
20181108T17-05,1326
20181108T16-05,1325
20181108T15-05,1329
20181108T14-05,1329
20181108T13-05,1337
20181108T12-05,1327
20181108T11-05,1335
20181108T10-05,1338
20181108T09-05,1321
20181108T08-05,1229
20181108T07-05,1163
20181108T06-05,1142
20181108T05-05,1083
20181108T04-05,984
20181108T03-05,956
20181108T02-05,951
20181108T01-05,1049
20181108T00-05,1193
20181107T23-05,1188
20181107T22-05,1193
20181107T21-05,1191
20181107T20-05,1190
20181107T19-05,1197
20181107T18-05,1186
20181107T17-05,1293
20181107T16-05,1361
20181107T15-05,1362
20181107T14-05,1368
20181107T13-05,1363
20181107T12-05,1364
20181107T11-05,1353
20181107T10-05,1367
20181107T09-05,1359
20181107T08-05,1361
20181107T07-05,1351
20181107T06-05,1301
20181107T05-05,1238
20181107T04-05,1216
20181107T03-05,1153
20181107T02-05,1156
20181107T01-05,1144
20181107T00-05,1142
20181106T23-05,1240
20181106T22-05,1361
20181106T21-05,1362
20181106T20-05,1363
20181106T19-05,1365
20181106T18-05,1367
20181106T17-05,1367
20181106T16-05,1365
20181106T15-05,1361
20181106T14-05,1367
20181106T13-05,1387
20181106T12-05,1391
20181106T11-05,1389
20181106T10-05,1390
20181106T09-05,1394
20181106T08-05,1391
20181106T07-05,1377
20181106T06-05,1299
20181106T05-05,1083
20181106T04-05,865
20181106T03-05,941
20181106T02-05,1172
20181106T01-05,1273
20181106T00-05,1229
20181105T23-05,1294
20181105T22-05,1387
20181105T21-05,1385
20181105T20-05,1393
20181105T19-05,1388
20181105T18-05,1380
20181105T17-05,1381
20181105T16-05,1384
20181105T15-05,1378
20181105T14-05,1380
20181105T13-05,1366
20181105T12-05,1368
20181105T11-05,1368
20181105T10-05,1351
20181105T09-05,1345
20181105T08-05,1364
20181105T07-05,1339
20181105T06-05,1066
20181105T05-05,816
20181105T04-05,817
20181105T03-05,815
20181105T02-05,817
20181105T01-05,814
20181105T00-05,818
20181104T23-05,821
20181104T22-05,1079
20181104T21-05,1367
20181104T20-05,1373
20181104T19-05,1356
20181104T18-05,1087
20181104T17-05,811
20181104T16-05,807
20181104T15-05,805
20181104T14-05,808
20181104T13-05,806
20181104T12-05,805
20181104T11-05,893
20181104T10-05,1177
20181104T09-05,1333
20181104T08-05,1119
20181104T07-05,944
20181104T06-05,798
20181104T05-05,597
20181104T04-05,604
20181104T03-05,602
20181104T02-05,598
20181104T01-05,598
20181104T01-04,591
20181104T00-04,599
20181103T23-04,908
20181103T22-04,1370
20181103T21-04,1368
20181103T20-04,1362
20181103T19-04,1202
20181103T18-04,878
20181103T17-04,846
20181103T16-04,907
20181103T15-04,1203
20181103T14-04,1371
20181103T13-04,1384
20181103T12-04,1394
20181103T11-04,1399
20181103T10-04,1396
20181103T09-04,1398
20181103T08-04,1389
20181103T07-04,1377
20181103T06-04,1063
20181103T05-04,808
20181103T04-04,807
20181103T03-04,799
20181103T02-04,809
20181103T01-04,803
20181103T00-04,807
20181102T23-04,1189
20181102T22-04,1697
20181102T21-04,1909
20181102T20-04,2002
20181102T19-04,2003
20181102T18-04,2008
20181102T17-04,1997
20181102T16-04,1997
20181102T15-04,1980
20181102T14-04,1956
20181102T13-04,1900
20181102T12-04,1852
20181102T11-04,1796
20181102T10-04,1804
20181102T09-04,1798
20181102T08-04,1801
20181102T07-04,1734
20181102T06-04,1228
20181102T05-04,860
20181102T04-04,860
20181102T03-04,860
20181102T02-04,862
20181102T01-04,863
20181102T00-04,860
20181101T23-04,1264
20181101T22-04,1802
20181101T21-04,1808
20181101T20-04,1804
20181101T19-04,1811
20181101T18-04,1803
20181101T17-04,1803
20181101T16-04,1816
20181101T15-04,1814
20181101T14-04,1816
20181101T13-04,1812
20181101T12-04,1813
20181101T11-04,1813
20181101T10-04,1780
20181101T09-04,1815
20181101T08-04,1783
20181101T07-04,1776
20181101T06-04,1583
20181101T05-04,1438
20181101T04-04,1436
20181101T03-04,1433
20181101T02-04,1428
20181101T01-04,1428
20181101T00-04,1430
20181031T23-04,1639
20181031T22-04,1798
20181031T21-04,1793
20181031T20-04,1790
20181031T19-04,1796
20181031T18-04,1795
20181031T17-04,1797
20181031T16-04,1791
20181031T15-04,1797
20181031T14-04,1792
20181031T13-04,1774
20181031T12-04,1777
20181031T11-04,1785
20181031T10-04,1762
20181031T09-04,1767
20181031T08-04,1737
20181031T07-04,1668
20181031T06-04,1140
20181031T05-04,785
20181031T04-04,772
20181031T03-04,779
20181031T02-04,772
20181031T01-04,778
20181031T00-04,824
20181030T23-04,1225
20181030T22-04,1726
20181030T21-04,1728
20181030T20-04,1726
20181030T19-04,1707
20181030T18-04,1644
20181030T17-04,1607
20181030T16-04,1677
20181030T15-04,1796
20181030T14-04,1801
20181030T13-04,1801
20181030T12-04,1776
20181030T11-04,1700
20181030T10-04,1502
20181030T09-04,1467
20181030T08-04,1455
20181030T07-04,1474
20181030T06-04,1472
20181030T05-04,1474
20181030T04-04,1463
20181030T03-04,1475
20181030T02-04,1478
20181030T01-04,1467
20181030T00-04,1480
20181029T23-04,1475
20181029T22-04,1477
20181029T21-04,1468
20181029T20-04,1423
20181029T19-04,1384
20181029T18-04,1382
20181029T17-04,1404
20181029T16-04,1412
20181029T15-04,1390
20181029T14-04,1408
20181029T13-04,1391
20181029T12-04,1369
20181029T11-04,1329
20181029T10-04,1235
20181029T09-04,1162
20181029T08-04,1129
20181029T07-04,1104
20181029T06-04,1053
20181029T05-04,1014
20181029T04-04,977
20181029T03-04,975
20181029T02-04,970
20181029T01-04,966
20181029T00-04,959
20181028T23-04,964
20181028T22-04,966
20181028T21-04,966
20181028T20-04,970
20181028T19-04,965
20181028T18-04,960
20181028T17-04,955
20181028T16-04,946
20181028T15-04,950
20181028T14-04,962
20181028T13-04,910
20181028T12-04,873
20181028T11-04,871
20181028T10-04,864
20181028T09-04,843
20181028T08-04,803
20181028T07-04,771
20181028T06-04,529
20181028T05-04,359
20181028T04-04,360
20181028T03-04,346
20181028T02-04,357
20181028T01-04,350
20181028T00-04,353
20181027T23-04,576
20181027T22-04,788
20181027T21-04,800
20181027T20-04,794
20181027T19-04,788
20181027T18-04,791
20181027T17-04,788
20181027T16-04,786
20181027T15-04,791
20181027T14-04,782
20181027T13-04,786
20181027T12-04,787
20181027T11-04,782
20181027T10-04,786
20181027T09-04,787
20181027T08-04,800
20181027T07-04,787
20181027T06-04,793
20181027T05-04,790
20181027T04-04,791
20181027T03-04,792
20181027T02-04,792
20181027T01-04,789
20181027T00-04,791
20181026T23-04,791
20181026T22-04,790
20181026T21-04,797
20181026T20-04,797
20181026T19-04,795
20181026T18-04,787
20181026T17-04,786
20181026T16-04,779
20181026T15-04,777
20181026T14-04,766
20181026T13-04,774
20181026T12-04,752
20181026T11-04,734
20181026T10-04,730
20181026T09-04,742
20181026T08-04,737
20181026T07-04,733
20181026T06-04,501
20181026T05-04,353
20181026T04-04,350
20181026T03-04,354
20181026T02-04,347
20181026T01-04,352
20181026T00-04,362
20181025T23-04,552
20181025T22-04,779
20181025T21-04,789
20181025T20-04,781
20181025T19-04,787
20181025T18-04,778
20181025T17-04,787
20181025T16-04,785
20181025T15-04,782
20181025T14-04,787
20181025T13-04,778
20181025T12-04,776
20181025T11-04,779
20181025T10-04,773
20181025T09-04,776
20181025T08-04,778
20181025T07-04,782
20181025T06-04,782
20181025T05-04,778
20181025T04-04,773
20181025T03-04,780
20181025T02-04,773
20181025T01-04,770
20181025T00-04,771
20181024T23-04,769
20181024T22-04,760
20181024T21-04,774
20181024T20-04,768
20181024T19-04,761
20181024T18-04,754
20181024T17-04,840
20181024T16-04,1483
20181024T15-04,1597
20181024T14-04,1602
20181024T13-04,1594
20181024T12-04,1592
20181024T11-04,1597
20181024T10-04,1599
20181024T09-04,1592
20181024T08-04,1540
20181024T07-04,1318
20181024T06-04,932
20181024T05-04,685
20181024T04-04,682
20181024T03-04,683
20181024T02-04,685
20181024T01-04,680
20181024T00-04,828
20181023T23-04,1284
20181023T22-04,1597
20181023T21-04,1598
20181023T20-04,1598
20181023T19-04,1600
20181023T18-04,1588
20181023T17-04,1592
20181023T16-04,1599
20181023T15-04,1597
20181023T14-04,1594
20181023T13-04,1591
20181023T12-04,1590
20181023T11-04,1594
20181023T10-04,1589
20181023T09-04,1598
20181023T08-04,1573
20181023T07-04,1337
20181023T06-04,1230
20181023T05-04,1228
20181023T04-04,1229
20181023T03-04,1227
20181023T02-04,1229
20181023T01-04,1224
20181023T00-04,1374
20181022T23-04,1584
20181022T22-04,1589
20181022T21-04,1598
20181022T20-04,1598
20181022T19-04,1594
20181022T18-04,1599
20181022T17-04,1591
20181022T16-04,1594
20181022T15-04,1579
20181022T14-04,1587
20181022T13-04,1585
20181022T12-04,1586
20181022T11-04,1577
20181022T10-04,1576
20181022T09-04,1545
20181022T08-04,1421
20181022T07-04,953
20181022T06-04,680
20181022T05-04,672
20181022T04-04,664
20181022T03-04,674
20181022T02-04,669
20181022T01-04,669
20181022T00-04,670
20181021T23-04,664
20181021T22-04,673
20181021T21-04,666
20181021T20-04,675
20181021T19-04,671
20181021T18-04,677
20181021T17-04,665
20181021T16-04,679
20181021T15-04,671
20181021T14-04,674
20181021T13-04,672
20181021T12-04,669
20181021T11-04,677
20181021T10-04,670
20181021T09-04,669
20181021T08-04,673
20181021T07-04,674
20181021T06-04,673
20181021T05-04,679
20181021T04-04,672
20181021T03-04,678
20181021T02-04,674
20181021T01-04,676
20181021T00-04,676
20181020T23-04,670
20181020T22-04,676
20181020T21-04,671
20181020T20-04,675
20181020T19-04,674
20181020T18-04,671
20181020T17-04,675
20181020T16-04,676
20181020T15-04,669
20181020T14-04,675
20181020T13-04,668
20181020T12-04,671
20181020T11-04,675
20181020T10-04,674
20181020T09-04,674
20181020T08-04,679
20181020T07-04,682
20181020T06-04,679
20181020T05-04,674
20181020T04-04,682
20181020T03-04,677
20181020T02-04,677
20181020T01-04,682
20181020T00-04,1014
20181019T23-04,1581
20181019T22-04,1577
20181019T21-04,1580
20181019T20-04,1579
20181019T19-04,1583
20181019T18-04,1582
20181019T17-04,1583
20181019T16-04,1585
20181019T15-04,1581
20181019T14-04,1575
20181019T13-04,1573
20181019T12-04,1582
20181019T11-04,1573
20181019T10-04,1578
20181019T09-04,1579
20181019T08-04,1544
20181019T07-04,1029
20181019T06-04,684
20181019T05-04,682
20181019T04-04,677
20181019T03-04,682
20181019T02-04,679
20181019T01-04,679
20181019T00-04,1065
20181018T23-04,1581
20181018T22-04,1589
20181018T21-04,1591
20181018T20-04,1589
20181018T19-04,1587
20181018T18-04,1583
20181018T17-04,1579
20181018T16-04,1586
20181018T15-04,1547
20181018T14-04,1597
20181018T13-04,1592
20181018T12-04,1590
20181018T11-04,1552
20181018T10-04,1534
20181018T09-04,1521
20181018T08-04,1502
20181018T07-04,1048
20181018T06-04,676
20181018T05-04,655
20181018T04-04,676
20181018T03-04,677
20181018T02-04,670
20181018T01-04,691
20181018T00-04,1043
20181017T23-04,1565
20181017T22-04,1570
20181017T21-04,1539
20181017T20-04,1529
20181017T19-04,1532
20181017T18-04,1534
20181017T17-04,1536
20181017T16-04,1531
20181017T15-04,1527
20181017T14-04,1521
20181017T13-04,1521
20181017T12-04,1519
20181017T11-04,1516
20181017T10-04,1510
20181017T09-04,1504
20181017T08-04,1476
20181017T07-04,1074
20181017T06-04,680
20181017T05-04,682
20181017T04-04,679
20181017T03-04,682
20181017T02-04,687
20181017T01-04,690
20181017T00-04,980
20181016T23-04,1536
20181016T22-04,1544
20181016T21-04,1551
20181016T20-04,1545
20181016T19-04,1548
20181016T18-04,1528
20181016T17-04,1535
20181016T16-04,1534
20181016T15-04,1534
20181016T14-04,1531
20181016T13-04,1521
20181016T12-04,1517
20181016T11-04,1521
20181016T10-04,1518
20181016T09-04,1515
20181016T08-04,1511
20181016T07-04,1206
20181016T06-04,860
20181016T05-04,853
20181016T04-04,804
20181016T03-04,773
20181016T02-04,776
20181016T01-04,762
20181016T00-04,944
20181015T23-04,1319
20181015T22-04,1339
20181015T21-04,1340
20181015T20-04,1347
20181015T19-04,1344
20181015T18-04,1338
20181015T17-04,1331
20181015T16-04,1503
20181015T15-04,1517
20181015T14-04,1524
20181015T13-04,1526
20181015T12-04,1521
20181015T11-04,1514
20181015T10-04,1514
20181015T09-04,1502
20181015T08-04,1456
20181015T07-04,1130
20181015T06-04,850
20181015T05-04,841
20181015T04-04,850
20181015T03-04,849
20181015T02-04,855
20181015T01-04,850
20181015T00-04,858
20181014T23-04,815
20181014T22-04,765
20181014T21-04,758
20181014T20-04,761
20181014T19-04,761
20181014T18-04,757
20181014T17-04,761
20181014T16-04,759
20181014T15-04,760
20181014T14-04,749
20181014T13-04,719
20181014T12-04,716
20181014T11-04,719
20181014T10-04,711
20181014T09-04,716
20181014T08-04,717
20181014T07-04,718
20181014T06-04,717
20181014T05-04,717
20181014T04-04,720
20181014T03-04,711
20181014T02-04,714
20181014T01-04,718
20181014T00-04,671
20181013T23-04,634
20181013T22-04,629
20181013T21-04,628
20181013T20-04,626
20181013T19-04,624
20181013T18-04,628
20181013T17-04,625
20181013T16-04,625
20181013T15-04,619
20181013T14-04,622
20181013T13-04,619
20181013T12-04,613
20181013T11-04,611
20181013T10-04,614
20181013T09-04,602
20181013T08-04,613
20181013T07-04,612
20181013T06-04,597
20181013T05-04,612
20181013T04-04,609
20181013T03-04,609
20181013T02-04,608
20181013T01-04,614
20181013T00-04,718
20181012T23-04,905
20181012T22-04,980
20181012T21-04,989
20181012T20-04,985
20181012T19-04,983
20181012T18-04,991
20181012T17-04,980
20181012T16-04,976
20181012T15-04,979
20181012T14-04,980
20181012T13-04,981
20181012T12-04,977
20181012T11-04,970
20181012T10-04,984
20181012T09-04,1010
20181012T08-04,921
20181012T07-04,703
20181012T06-04,557
20181012T05-04,546
20181012T04-04,550
20181012T03-04,550
20181012T02-04,557
20181012T01-04,542
20181012T00-04,775
20181011T23-04,1115
20181011T22-04,1156
20181011T21-04,1178
20181011T20-04,1192
20181011T19-04,1190
20181011T18-04,1185
20181011T17-04,1185
20181011T16-04,1189
20181011T15-04,1185
20181011T14-04,1167
20181011T13-04,1170
20181011T12-04,1148
20181011T11-04,1151
20181011T10-04,1162
20181011T09-04,1158
20181011T08-04,1124
20181011T07-04,863
20181011T06-04,603
20181011T05-04,606
20181011T04-04,595
20181011T03-04,600
20181011T02-04,606
20181011T01-04,627
20181011T00-04,836
20181010T23-04,1087
20181010T22-04,1157
20181010T21-04,1170
20181010T20-04,1153
20181010T19-04,1130
20181010T18-04,1140
20181010T17-04,1133
20181010T16-04,1067
20181010T15-04,1032
20181010T14-04,1022
20181010T13-04,1039
20181010T12-04,1123
20181010T11-04,1130
20181010T10-04,1115
20181010T09-04,1110
20181010T08-04,1106
20181010T07-04,829
20181010T06-04,538
20181010T05-04,545
20181010T04-04,527
20181010T03-04,527
20181010T02-04,520
20181010T01-04,535
20181010T00-04,756
20181009T23-04,1082
20181009T22-04,1072
20181009T21-04,1079
20181009T20-04,1069
20181009T19-04,1072
20181009T18-04,1068
20181009T17-04,1058
20181009T16-04,1054
20181009T15-04,1057
20181009T14-04,1062
20181009T13-04,1059
20181009T12-04,1022
20181009T11-04,1007
20181009T10-04,1010
20181009T09-04,981
20181009T08-04,938
20181009T07-04,668
20181009T06-04,428
20181009T05-04,430
20181009T04-04,421
20181009T03-04,418
20181009T02-04,428
20181009T01-04,419
20181009T00-04,707
20181008T23-04,973
20181008T22-04,977
20181008T21-04,984
20181008T20-04,981
20181008T19-04,985
20181008T18-04,991
20181008T17-04,984
20181008T16-04,991
20181008T15-04,982
20181008T14-04,987
20181008T13-04,985
20181008T12-04,977
20181008T11-04,982
20181008T10-04,968
20181008T09-04,970
20181008T08-04,958
20181008T07-04,660
20181008T06-04,428
20181008T05-04,433
20181008T04-04,437
20181008T03-04,433
20181008T02-04,435
20181008T01-04,442
20181008T00-04,648
20181007T23-04,971
20181007T22-04,970
20181007T21-04,970
20181007T20-04,977
20181007T19-04,973
20181007T18-04,962
20181007T17-04,973
20181007T16-04,975
20181007T15-04,976
20181007T14-04,976
20181007T13-04,972
20181007T12-04,977
20181007T11-04,919
20181007T10-04,632
20181007T09-04,414
20181007T08-04,416
20181007T07-04,403
20181007T06-04,407
20181007T05-04,408
20181007T04-04,414
20181007T03-04,410
20181007T02-04,408
20181007T01-04,415
20181007T00-04,660
20181006T23-04,967
20181006T22-04,974
20181006T21-04,969
20181006T20-04,969
20181006T19-04,957
20181006T18-04,956
20181006T17-04,929
20181006T16-04,873
20181006T15-04,852
20181006T14-04,797
20181006T13-04,779
20181006T12-04,772
20181006T11-04,726
20181006T10-04,536
20181006T09-04,344
20181006T08-04,343
20181006T07-04,340
20181006T06-04,347
20181006T05-04,349
20181006T04-04,342
20181006T03-04,341
20181006T02-04,344
20181006T01-04,349
20181006T00-04,492
20181005T23-04,765
20181005T22-04,774
20181005T21-04,777
20181005T20-04,777
20181005T19-04,776
20181005T18-04,779
20181005T17-04,774
20181005T16-04,781
20181005T15-04,776
20181005T14-04,779
20181005T13-04,780
20181005T12-04,779
20181005T11-04,787
20181005T10-04,775
20181005T09-04,775
20181005T08-04,769
20181005T07-04,577
20181005T06-04,335
20181005T05-04,343
20181005T04-04,344
20181005T03-04,340
20181005T02-04,345
20181005T01-04,394
20181005T00-04,678
20181004T23-04,947
20181004T22-04,951
20181004T21-04,946
20181004T20-04,947
20181004T19-04,948
20181004T18-04,947
20181004T17-04,940
20181004T16-04,952
20181004T15-04,949
20181004T14-04,934
20181004T13-04,943
20181004T12-04,944
20181004T11-04,939
20181004T10-04,938
20181004T09-04,945
20181004T08-04,910
20181004T07-04,763
20181004T06-04,567
20181004T05-04,538
20181004T04-04,580
20181004T03-04,612
20181004T02-04,589
20181004T01-04,615
20181004T00-04,702
20181003T23-04,916
20181003T22-04,939
20181003T21-04,937
20181003T20-04,939
20181003T19-04,943
20181003T18-04,939
20181003T17-04,933
20181003T16-04,953
20181003T15-04,944
20181003T14-04,950
20181003T13-04,963
20181003T12-04,962
20181003T11-04,959
20181003T10-04,958
20181003T09-04,954
20181003T08-04,929
20181003T07-04,770
20181003T06-04,665
20181003T05-04,647
20181003T04-04,656
20181003T03-04,648
20181003T02-04,648
20181003T01-04,646
20181003T00-04,738
20181002T23-04,959
20181002T22-04,947
20181002T21-04,940
20181002T20-04,930
20181002T19-04,946
20181002T18-04,939
20181002T17-04,929
20181002T16-04,957
20181002T15-04,951
20181002T14-04,932
20181002T13-04,915
20181002T12-04,925
20181002T11-04,899
20181002T10-04,888
20181002T09-04,884
20181002T08-04,914
20181002T07-04,797
20181002T06-04,651
20181002T05-04,648
20181002T04-04,656
20181002T03-04,650
20181002T02-04,649
20181002T01-04,648
20181002T00-04,738
20181001T23-04,959
20181001T22-04,963
20181001T21-04,953
20181001T20-04,954
20181001T19-04,954
20181001T18-04,938
20181001T17-04,911
20181001T16-04,893
20181001T15-04,899
20181001T14-04,847
20181001T13-04,881
20181001T12-04,915
20181001T11-04,899
20181001T10-04,893
20181001T09-04,936
20181001T08-04,888
20181001T07-04,596
20181001T06-04,423
20181001T05-04,416
20181001T04-04,423
20181001T03-04,420
20181001T02-04,417
20181001T01-04,417
20181001T00-04,416
20180930T23-04,421
20180930T22-04,414
20180930T21-04,424
20180930T20-04,415
20180930T19-04,420
20180930T18-04,418
20180930T17-04,414
20180930T16-04,414
20180930T15-04,406
20180930T14-04,418
20180930T13-04,410
20180930T12-04,416
20180930T11-04,415
20180930T10-04,420
20180930T09-04,418
20180930T08-04,407
20180930T07-04,415
20180930T06-04,419
20180930T05-04,414
20180930T04-04,422
20180930T03-04,411
20180930T02-04,408
20180930T01-04,429
20180930T00-04,498
20180929T23-04,495
20180929T22-04,492
20180929T21-04,496
20180929T20-04,494
20180929T19-04,490
20180929T18-04,498
20180929T17-04,496
20180929T16-04,493
20180929T15-04,498
20180929T14-04,497
20180929T13-04,496
20180929T12-04,496
20180929T11-04,504
20180929T10-04,506
20180929T09-04,510
20180929T08-04,509
20180929T07-04,502
20180929T06-04,511
20180929T05-04,508
20180929T04-04,508
20180929T03-04,505
20180929T02-04,510
20180929T01-04,566
20180929T00-04,869
20180928T23-04,1159
20180928T22-04,1171
20180928T21-04,1268
20180928T20-04,1496
20180928T19-04,1553
20180928T18-04,1558
20180928T17-04,1561
20180928T16-04,1557
20180928T15-04,1569
20180928T14-04,1559
20180928T13-04,1550
20180928T12-04,1564
20180928T11-04,1555
20180928T10-04,1556
20180928T09-04,1540
20180928T08-04,1424
20180928T07-04,892
20180928T06-04,671
20180928T05-04,665
20180928T04-04,676
20180928T03-04,670
20180928T02-04,671
20180928T01-04,853
20180928T00-04,1356
20180927T23-04,1556
20180927T22-04,1557
20180927T21-04,1565
20180927T20-04,1569
20180927T19-04,1870
20180927T18-04,1943
20180927T17-04,1931
20180927T16-04,1938
20180927T15-04,1934
20180927T14-04,1927
20180927T13-04,1932
20180927T12-04,1926
20180927T11-04,1927
20180927T10-04,1905
20180927T09-04,1877
20180927T08-04,1833
20180927T07-04,1234
20180927T06-04,845
20180927T05-04,835
20180927T04-04,838
20180927T03-04,837
20180927T02-04,846
20180927T01-04,1418
20180927T00-04,1889
20180926T23-04,1924
20180926T22-04,1922
20180926T21-04,1944
20180926T20-04,1941
20180926T19-04,1936
20180926T18-04,1944
20180926T17-04,1942
20180926T16-04,1930
20180926T15-04,1913
20180926T14-04,1921
20180926T13-04,1910
20180926T12-04,1916
20180926T11-04,1920
20180926T10-04,1920
20180926T09-04,1927
20180926T08-04,1884
20180926T07-04,1572
20180926T06-04,1180
20180926T05-04,943
20180926T04-04,902
20180926T03-04,952
20180926T02-04,1321
20180926T01-04,1407
20180926T00-04,1601
20180925T23-04,1924
20180925T22-04,1920
20180925T21-04,1932
20180925T20-04,1928
20180925T19-04,1929
20180925T18-04,1921
20180925T17-04,1918
20180925T16-04,1916
20180925T15-04,1922
20180925T14-04,1927
20180925T13-04,1912
20180925T12-04,1921
20180925T11-04,1917
20180925T10-04,1915
20180925T09-04,1899
20180925T08-04,1828
20180925T07-04,1352
20180925T06-04,915
20180925T05-04,850
20180925T04-04,849
20180925T03-04,847
20180925T02-04,926
20180925T01-04,1435
20180925T00-04,1833
20180924T23-04,1886
20180924T22-04,1916
20180924T21-04,1925
20180924T20-04,1929
20180924T19-04,1925
20180924T18-04,1922
20180924T17-04,1923
20180924T16-04,1927
20180924T15-04,1927
20180924T14-04,1917
20180924T13-04,1922
20180924T12-04,1927
20180924T11-04,1928
20180924T10-04,1911
20180924T09-04,1861
20180924T08-04,1717
20180924T07-04,1275
20180924T06-04,976
20180924T05-04,853
20180924T04-04,849
20180924T03-04,849
20180924T02-04,853
20180924T01-04,858
20180924T00-04,859
20180923T23-04,859
20180923T22-04,867
20180923T21-04,869
20180923T20-04,866
20180923T19-04,874
20180923T18-04,883
20180923T17-04,883
20180923T16-04,883
20180923T15-04,879
20180923T14-04,847
20180923T13-04,827
20180923T12-04,826
20180923T11-04,844
20180923T10-04,955
20180923T09-04,1011
20180923T08-04,1014
20180923T07-04,1019
20180923T06-04,946
20180923T05-04,871
20180923T04-04,869
20180923T03-04,864
20180923T02-04,874
20180923T01-04,877
20180923T00-04,865
20180922T23-04,877
20180922T22-04,872
20180922T21-04,881
20180922T20-04,887
20180922T19-04,881
20180922T18-04,884
20180922T17-04,877
20180922T16-04,885
20180922T15-04,883
20180922T14-04,875
20180922T13-04,884
20180922T12-04,886
20180922T11-04,889
20180922T10-04,886
20180922T09-04,889
20180922T08-04,849
20180922T07-04,847
20180922T06-04,844
20180922T05-04,837
20180922T04-04,843
20180922T03-04,828
20180922T02-04,841
20180922T01-04,1127
20180922T00-04,1718
20180921T23-04,1733
20180921T22-04,1751
20180921T21-04,1771
20180921T20-04,1775
20180921T19-04,1782
20180921T18-04,1794
20180921T17-04,1798
20180921T16-04,1791
20180921T15-04,1787
20180921T14-04,1798
20180921T13-04,1781
20180921T12-04,1728
20180921T11-04,1624
20180921T10-04,1707
20180921T09-04,1814
20180921T08-04,1720
20180921T07-04,1548
20180921T06-04,1402
20180921T05-04,1299
20180921T04-04,1192
20180921T03-04,1187
20180921T02-04,1339
20180921T01-04,1350
20180921T00-04,1513
20180920T23-04,1748
20180920T22-04,1744
20180920T21-04,1753
20180920T20-04,1758
20180920T19-04,1738
20180920T18-04,1759
20180920T17-04,1764
20180920T16-04,1774
20180920T15-04,1757
20180920T14-04,1764
20180920T13-04,1762
20180920T12-04,1766
20180920T11-04,1751
20180920T10-04,1747
20180920T09-04,1740
20180920T08-04,1713
20180920T07-04,1477
20180920T06-04,1154
20180920T05-04,936
20180920T04-04,961
20180920T03-04,1220
20180920T02-04,1310
20180920T01-04,1520
20180920T00-04,1764
20180919T23-04,1758
20180919T22-04,1762
20180919T21-04,1763
20180919T20-04,1766
20180919T19-04,1767
20180919T18-04,1765
20180919T17-04,1761
20180919T16-04,1744
20180919T15-04,1746
20180919T14-04,1737
20180919T13-04,1749
20180919T12-04,1738
20180919T11-04,1736
20180919T10-04,1737
20180919T09-04,1728
20180919T08-04,1694
20180919T07-04,1357
20180919T06-04,950
20180919T05-04,790
20180919T04-04,765
20180919T03-04,768
20180919T02-04,977
20180919T01-04,1291
20180919T00-04,1491
20180918T23-04,1755
20180918T22-04,1751
20180918T21-04,1749
20180918T20-04,1753
20180918T19-04,1760
20180918T18-04,1756
20180918T17-04,1756
20180918T16-04,1754
20180918T15-04,1749
20180918T14-04,1759
20180918T13-04,1749
20180918T12-04,1749
20180918T11-04,1742
20180918T10-04,1744
20180918T09-04,1719
20180918T08-04,1694
20180918T07-04,1462
20180918T06-04,1340
20180918T05-04,1324
20180918T04-04,1324
20180918T03-04,1328
20180918T02-04,1317
20180918T01-04,1481
20180918T00-04,1718
20180917T23-04,1713
20180917T22-04,1734
20180917T21-04,1736
20180917T20-04,1712
20180917T19-04,1714
20180917T18-04,1723
20180917T17-04,1725
20180917T16-04,1718
20180917T15-04,1717
20180917T14-04,1685
20180917T13-04,1667
20180917T12-04,1661
20180917T11-04,1658
20180917T10-04,1652
20180917T09-04,1675
20180917T08-04,1609
20180917T07-04,1417
20180917T06-04,1296
20180917T05-04,1169
20180917T04-04,1083
20180917T03-04,1216
20180917T02-04,1150
20180917T01-04,901
20180917T00-04,764
20180916T23-04,737
20180916T22-04,699
20180916T21-04,678
20180916T20-04,683
20180916T19-04,680
20180916T18-04,678
20180916T17-04,677
20180916T16-04,680
20180916T15-04,675
20180916T14-04,678
20180916T13-04,679
20180916T12-04,672
20180916T11-04,670
20180916T10-04,678
20180916T09-04,673
20180916T08-04,677
20180916T07-04,666
20180916T06-04,670
20180916T05-04,663
20180916T04-04,666
20180916T03-04,660
20180916T02-04,670
20180916T01-04,669
20180916T00-04,648
20180915T23-04,678
20180915T22-04,673
20180915T21-04,675
20180915T20-04,755
20180915T19-04,771
20180915T18-04,766
20180915T17-04,765
20180915T16-04,766
20180915T15-04,766
20180915T14-04,770
20180915T13-04,764
20180915T12-04,760
20180915T11-04,757
20180915T10-04,759
20180915T09-04,760
20180915T08-04,756
20180915T07-04,758
20180915T06-04,765
20180915T05-04,757
20180915T04-04,760
20180915T03-04,767
20180915T02-04,760
20180915T01-04,1191
20180915T00-04,1717
20180914T23-04,1752
20180914T22-04,1750
20180914T21-04,1752
20180914T20-04,1754
20180914T19-04,1764
20180914T18-04,1757
20180914T17-04,1753
20180914T16-04,1742
20180914T15-04,1751
20180914T14-04,1752
20180914T13-04,1750
20180914T12-04,1743
20180914T11-04,1750
20180914T10-04,1757
20180914T09-04,1751
20180914T08-04,1722
20180914T07-04,1461
20180914T06-04,1043
20180914T05-04,791
20180914T04-04,775
20180914T03-04,783
20180914T02-04,856
20180914T01-04,1064
20180914T00-04,1436
20180913T23-04,1722
20180913T22-04,1732
20180913T21-04,1742
20180913T20-04,1748
20180913T19-04,1729
20180913T18-04,1742
20180913T17-04,1745
20180913T16-04,1720
20180913T15-04,1737
20180913T14-04,1732
20180913T13-04,1739
20180913T12-04,1723
20180913T11-04,1730
20180913T10-04,1740
20180913T09-04,1715
20180913T08-04,1671
20180913T07-04,1428
20180913T06-04,1150
20180913T05-04,822
20180913T04-04,870
20180913T03-04,1179
20180913T02-04,1318
20180913T01-04,1463
20180913T00-04,1728
20180912T23-04,1711
20180912T22-04,1705
20180912T21-04,1727
20180912T20-04,1722
20180912T19-04,1716
20180912T18-04,1725
20180912T17-04,1706
20180912T16-04,1704
20180912T15-04,1690
20180912T14-04,1680
20180912T13-04,1663
20180912T12-04,1633
20180912T11-04,1565
20180912T10-04,1561
20180912T09-04,1538
20180912T08-04,1471
20180912T07-04,1205
20180912T06-04,831
20180912T05-04,688
20180912T04-04,688
20180912T03-04,691
20180912T02-04,830
20180912T01-04,1099
20180912T00-04,1355
20180911T23-04,1680
20180911T22-04,1714
20180911T21-04,1728
20180911T20-04,1725
20180911T19-04,1726
20180911T18-04,1720
20180911T17-04,1709
20180911T16-04,1730
20180911T15-04,1723
20180911T14-04,1720
20180911T13-04,1706
20180911T12-04,1712
20180911T11-04,1712
20180911T10-04,1716
20180911T09-04,1713
20180911T08-04,1703
20180911T07-04,1495
20180911T06-04,1095
20180911T05-04,921
20180911T04-04,916
20180911T03-04,1090
20180911T02-04,1248
20180911T01-04,1345
20180911T00-04,1598
20180910T23-04,1719
20180910T22-04,1723
20180910T21-04,1733
20180910T20-04,1742
20180910T19-04,1738
20180910T18-04,1730
20180910T17-04,1724
20180910T16-04,1729
20180910T15-04,1730
20180910T14-04,1728
20180910T13-04,1731
20180910T12-04,1725
20180910T11-04,1708
20180910T10-04,1664
20180910T09-04,1612
20180910T08-04,1528
20180910T07-04,1016
20180910T06-04,768
20180910T05-04,775
20180910T04-04,767
20180910T03-04,774
20180910T02-04,777
20180910T01-04,773
20180910T00-04,775
20180909T23-04,770
20180909T22-04,777
20180909T21-04,775
20180909T20-04,772
20180909T19-04,776
20180909T18-04,771
20180909T17-04,772
20180909T16-04,777
20180909T15-04,763
20180909T14-04,780
20180909T13-04,774
20180909T12-04,773
20180909T11-04,774
20180909T10-04,775
20180909T09-04,776
20180909T08-04,766
20180909T07-04,773
20180909T06-04,774
20180909T05-04,776
20180909T04-04,780
20180909T03-04,775
20180909T02-04,776
20180909T01-04,775
20180909T00-04,749
20180908T23-04,772
20180908T22-04,772
20180908T21-04,769
20180908T20-04,769
20180908T19-04,761
20180908T18-04,774
20180908T17-04,763
20180908T16-04,767
20180908T15-04,774
20180908T14-04,764
20180908T13-04,768
20180908T12-04,766
20180908T11-04,772
20180908T10-04,761
20180908T09-04,770
20180908T08-04,763
20180908T07-04,760
20180908T06-04,765
20180908T05-04,757
20180908T04-04,763
20180908T03-04,751
20180908T02-04,716
20180908T01-04,1136
20180908T00-04,1570
20180907T23-04,1552
20180907T22-04,1537
20180907T21-04,1520
20180907T20-04,1502
20180907T19-04,1500
20180907T18-04,1493
20180907T17-04,1476
20180907T16-04,1468
20180907T15-04,1460
20180907T14-04,1391
20180907T13-04,1320
20180907T12-04,1313
20180907T11-04,1287
20180907T10-04,1265
20180907T09-04,1262
20180907T08-04,1241
20180907T07-04,1189
20180907T06-04,972
20180907T05-04,829
20180907T04-04,992
20180907T03-04,1109
20180907T02-04,1133
20180907T01-04,1111
20180907T00-04,1157
20180906T23-04,1321
20180906T22-04,1319
20180906T21-04,1320
20180906T20-04,1313
20180906T19-04,1311
20180906T18-04,1316
20180906T17-04,1309
20180906T16-04,1314
20180906T15-04,1313
20180906T14-04,1309
20180906T13-04,1319
20180906T12-04,1313
20180906T11-04,1314
20180906T10-04,1299
20180906T09-04,1289
20180906T08-04,1280
20180906T07-04,1290
20180906T06-04,1265
20180906T05-04,1202
20180906T04-04,1173
20180906T03-04,1131
20180906T02-04,1117
20180906T01-04,1127
20180906T00-04,1221
20180905T23-04,1220
20180905T22-04,1226
20180905T21-04,1220
20180905T20-04,1221
20180905T19-04,1222
20180905T18-04,1220
20180905T17-04,1225
20180905T16-04,1227
20180905T15-04,1220
20180905T14-04,1231
20180905T13-04,1226
20180905T12-04,1225
20180905T11-04,1227
20180905T10-04,1210
20180905T09-04,1194
20180905T08-04,1164
20180905T07-04,1075
20180905T06-04,927
20180905T05-04,788
20180905T04-04,787
20180905T03-04,946
20180905T02-04,1087
20180905T01-04,1106
20180905T00-04,1136
20180904T23-04,1134
20180904T22-04,1137
20180904T21-04,1132
20180904T20-04,1142
20180904T19-04,1142
20180904T18-04,1143
20180904T17-04,1285
20180904T16-04,1340
20180904T15-04,1340
20180904T14-04,1335
20180904T13-04,1328
20180904T12-04,1324
20180904T11-04,1325
20180904T10-04,1331
20180904T09-04,1304
20180904T08-04,999
20180904T07-04,826
20180904T06-04,830
20180904T05-04,807
20180904T04-04,902
20180904T03-04,1163
20180904T02-04,1235
20180904T01-04,924
20180904T00-04,790
20180903T23-04,772
20180903T22-04,693
20180903T21-04,596
20180903T20-04,588
20180903T19-04,591
20180903T18-04,590
20180903T17-04,585
20180903T16-04,591
20180903T15-04,588
20180903T14-04,586
20180903T13-04,586
20180903T12-04,587
20180903T11-04,586
20180903T10-04,580
20180903T09-04,583
20180903T08-04,586
20180903T07-04,582
20180903T06-04,576
20180903T05-04,588
20180903T04-04,577
20180903T03-04,593
20180903T02-04,602
20180903T01-04,608
20180903T00-04,597
20180902T23-04,694
20180902T22-04,766
20180902T21-04,765
20180902T20-04,763
20180902T19-04,750
20180902T18-04,746
20180902T17-04,746
20180902T16-04,681
20180902T15-04,749
20180902T14-04,750
20180902T13-04,706
20180902T12-04,817
20180902T11-04,837
20180902T10-04,837
20180902T09-04,834
20180902T08-04,836
20180902T07-04,836
20180902T06-04,834
20180902T05-04,844
20180902T04-04,838
20180902T03-04,842
20180902T02-04,844
20180902T01-04,837
20180902T00-04,825
20180901T23-04,844
20180901T22-04,849
20180901T21-04,838
20180901T20-04,840
20180901T19-04,835
20180901T18-04,833
20180901T17-04,832
20180901T16-04,832
20180901T15-04,825
20180901T14-04,834
20180901T13-04,834
20180901T12-04,837
20180901T11-04,839
20180901T10-04,834
20180901T09-04,830
20180901T08-04,834
20180901T07-04,832
20180901T06-04,837
20180901T05-04,833
20180901T04-04,833
20180901T03-04,826
20180901T02-04,865
20180901T01-04,1265
20180901T00-04,1863
20180831T23-04,1875
20180831T22-04,1901
20180831T21-04,1906
20180831T20-04,1919
20180831T19-04,1923
20180831T18-04,1940
20180831T17-04,1923
20180831T16-04,1928
20180831T15-04,1930
20180831T14-04,1924
20180831T13-04,1928
20180831T12-04,1925
20180831T11-04,1918
20180831T10-04,1922
20180831T09-04,1917
20180831T08-04,1879
20180831T07-04,1579
20180831T06-04,1258
20180831T05-04,1009
20180831T04-04,1116
20180831T03-04,1385
20180831T02-04,1393
20180831T01-04,1413
20180831T00-04,1394
20180830T23-04,1406
20180830T22-04,1419
20180830T21-04,1674
20180830T20-04,1933
20180830T19-04,1924
20180830T18-04,1940
20180830T17-04,1931
20180830T16-04,1921
20180830T15-04,1924
20180830T14-04,1922
20180830T13-04,1900
20180830T12-04,1883
20180830T11-04,1828
20180830T10-04,1765
20180830T09-04,1731
20180830T08-04,1733
20180830T07-04,1743
20180830T06-04,1739
20180830T05-04,1717
20180830T04-04,1737
20180830T03-04,1738
20180830T02-04,1734
20180830T01-04,1691
20180830T00-04,1740
20180829T23-04,1731
20180829T22-04,1747
20180829T21-04,1741
20180829T20-04,1741
20180829T19-04,1731
20180829T18-04,1733
20180829T17-04,1734
20180829T16-04,1741
20180829T15-04,1737
20180829T14-04,1742
20180829T13-04,1734
20180829T12-04,1735
20180829T11-04,1731
20180829T10-04,1724
20180829T09-04,1717
20180829T08-04,1690
20180829T07-04,1415
20180829T06-04,1221
20180829T05-04,1213
20180829T04-04,1219
20180829T03-04,1217
20180829T02-04,1234
20180829T01-04,1225
20180829T00-04,1445
20180828T23-04,1735
20180828T22-04,1749
20180828T21-04,1744
20180828T20-04,1754
20180828T19-04,1737
20180828T18-04,1732
20180828T17-04,1562
20180828T16-04,1507
20180828T15-04,1414
20180828T14-04,1645
20180828T13-04,1749
20180828T12-04,1747
20180828T11-04,1750
20180828T10-04,1738
20180828T09-04,1745
20180828T08-04,1746
20180828T07-04,1734
20180828T06-04,1571
20180828T05-04,1380
20180828T04-04,1478
20180828T03-04,1684
20180828T02-04,1732
20180828T01-04,1735
20180828T00-04,1742
20180827T23-04,1732
20180827T22-04,1734
20180827T21-04,1734
20180827T20-04,1737
20180827T19-04,1729
20180827T18-04,1735
20180827T17-04,1713
20180827T16-04,1658
20180827T15-04,1734
20180827T14-04,1732
20180827T13-04,1708
20180827T12-04,1826
20180827T11-04,1922
20180827T10-04,1925
20180827T09-04,1914
20180827T08-04,1905
20180827T07-04,1827
20180827T06-04,1533
20180827T05-04,1433
20180827T04-04,1429
20180827T03-04,1548
20180827T02-04,1600
20180827T01-04,1481
20180827T00-04,1451
20180826T23-04,1439
20180826T22-04,1442
20180826T21-04,1445
20180826T20-04,1442
20180826T19-04,1442
20180826T18-04,1441
20180826T17-04,1383
20180826T16-04,1347
20180826T15-04,1350
20180826T14-04,1300
20180826T13-04,1279
20180826T12-04,1279
20180826T11-04,1282
20180826T10-04,1251
20180826T09-04,1049
20180826T08-04,944
20180826T07-04,946
20180826T06-04,951
20180826T05-04,949
20180826T04-04,952
20180826T03-04,945
20180826T02-04,954
20180826T01-04,950
20180826T00-04,1129
20180825T23-04,1424
20180825T22-04,1422
20180825T21-04,1429
20180825T20-04,1431
20180825T19-04,1424
20180825T18-04,1425
20180825T17-04,1428
20180825T16-04,1402
20180825T15-04,1344
20180825T14-04,1333
20180825T13-04,1302
20180825T12-04,1236
20180825T11-04,1223
20180825T10-04,1180
20180825T09-04,1129
20180825T08-04,1058
20180825T07-04,911
20180825T06-04,776
20180825T05-04,794
20180825T04-04,973
20180825T03-04,1110
20180825T02-04,1122
20180825T01-04,1161
20180825T00-04,1388
20180824T23-04,1709
20180824T22-04,1728
20180824T21-04,1741
20180824T20-04,1732
20180824T19-04,1742
20180824T18-04,1739
20180824T17-04,1734
20180824T16-04,1743
20180824T15-04,1729
20180824T14-04,1728
20180824T13-04,1726
20180824T12-04,1721
20180824T11-04,1708
20180824T10-04,1498
20180824T09-04,1376
20180824T08-04,1337
20180824T07-04,1012
20180824T06-04,767
20180824T05-04,760
20180824T04-04,765
20180824T03-04,766
20180824T02-04,770
20180824T01-04,909
20180824T00-04,1333
20180823T23-04,1863
20180823T22-04,1923
20180823T21-04,1922
20180823T20-04,1906
20180823T19-04,1908
20180823T18-04,1902
20180823T17-04,1898
20180823T16-04,1897
20180823T15-04,1900
20180823T14-04,1898
20180823T13-04,1912
20180823T12-04,1901
20180823T11-04,1665
20180823T10-04,1462
20180823T09-04,1517
20180823T08-04,1460
20180823T07-04,1334
20180823T06-04,1056
20180823T05-04,861
20180823T04-04,949
20180823T03-04,1269
20180823T02-04,1327
20180823T01-04,1374
20180823T00-04,1760
20180822T23-04,1888
20180822T22-04,1902
20180822T21-04,1917
20180822T20-04,1915
20180822T19-04,1904
20180822T18-04,1906
20180822T17-04,1906
20180822T16-04,1903
20180822T15-04,1903
20180822T14-04,1905
20180822T13-04,1904
20180822T12-04,1904
20180822T11-04,1908
20180822T10-04,1904
20180822T09-04,1873
20180822T08-04,1810
20180822T07-04,1460
20180822T06-04,1009
20180822T05-04,930
20180822T04-04,926
20180822T03-04,944
20180822T02-04,1124
20180822T01-04,1405
20180822T00-04,1662
20180821T23-04,1881
20180821T22-04,1853
20180821T21-04,1808
20180821T20-04,1757
20180821T19-04,1740
20180821T18-04,1739
20180821T17-04,1737
20180821T16-04,1737
20180821T15-04,1735
20180821T14-04,1729
20180821T13-04,1733
20180821T12-04,1733
20180821T11-04,1721
20180821T10-04,1718
20180821T09-04,1706
20180821T08-04,1698
20180821T07-04,1623
20180821T06-04,1543
20180821T05-04,1210
20180821T04-04,1171
20180821T03-04,1389
20180821T02-04,1601
20180821T01-04,1632
20180821T00-04,1720
20180820T23-04,1721
20180820T22-04,1720
20180820T21-04,1724
20180820T20-04,1727
20180820T19-04,1726
20180820T18-04,1728
20180820T17-04,1726
20180820T16-04,1724
20180820T15-04,1725
20180820T14-04,1725
20180820T13-04,1718
20180820T12-04,1716
20180820T11-04,1680
20180820T10-04,1478
20180820T09-04,1221
20180820T08-04,1297
20180820T07-04,1245
20180820T06-04,1152
20180820T05-04,1065
20180820T04-04,1081
20180820T03-04,1161
20180820T02-04,1161
20180820T01-04,1158
20180820T00-04,1169
20180819T23-04,1156
20180819T22-04,1158
20180819T21-04,1161
20180819T20-04,1164
20180819T19-04,1430
20180819T18-04,1669
20180819T17-04,1447
20180819T16-04,1162
20180819T15-04,1157
20180819T14-04,1155
20180819T13-04,1162
20180819T12-04,1161
20180819T11-04,1154
20180819T10-04,1157
20180819T09-04,1152
20180819T08-04,1124
20180819T07-04,926
20180819T06-04,753
20180819T05-04,752
20180819T04-04,753
20180819T03-04,754
20180819T02-04,757
20180819T01-04,757
20180819T00-04,876
20180818T23-04,1139
20180818T22-04,1170
20180818T21-04,1177
20180818T20-04,1180
20180818T19-04,1448
20180818T18-04,1688
20180818T17-04,1438
20180818T16-04,1178
20180818T15-04,1181
20180818T14-04,1183
20180818T13-04,1181
20180818T12-04,1177
20180818T11-04,1172
20180818T10-04,1159
20180818T09-04,1166
20180818T08-04,1161
20180818T07-04,1157
20180818T06-04,1153
20180818T05-04,1149
20180818T04-04,1138
20180818T03-04,1130
20180818T02-04,1143
20180818T01-04,1493
20180818T00-04,1808
20180817T23-04,1898
20180817T22-04,1908
20180817T21-04,1912
20180817T20-04,1912
20180817T19-04,1912
20180817T18-04,1911
20180817T17-04,1901
20180817T16-04,1901
20180817T15-04,1905
20180817T14-04,1902
20180817T13-04,1871
20180817T12-04,1835
20180817T11-04,1772
20180817T10-04,1742
20180817T09-04,1742
20180817T08-04,1739
20180817T07-04,1733
20180817T06-04,1662
20180817T05-04,1447
20180817T04-04,1458
20180817T03-04,1633
20180817T02-04,1723
20180817T01-04,1723
20180817T00-04,1740
20180816T23-04,1732
20180816T22-04,1720
20180816T21-04,1722
20180816T20-04,1721
20180816T19-04,1720
20180816T18-04,1711
20180816T17-04,1707
20180816T16-04,1709
20180816T15-04,1709
20180816T14-04,1710
20180816T13-04,1714
20180816T12-04,1714
20180816T11-04,1713
20180816T10-04,1708
20180816T09-04,1694
20180816T08-04,1649
20180816T07-04,1371
20180816T06-04,954
20180816T05-04,766
20180816T04-04,770
20180816T03-04,966
20180816T02-04,1208
20180816T01-04,1214
20180816T00-04,1357
20180815T23-04,1733
20180815T22-04,1732
20180815T21-04,1732
20180815T20-04,1734
20180815T19-04,1738
20180815T18-04,1737
20180815T17-04,1736
20180815T16-04,1736
20180815T15-04,1735
20180815T14-04,1742
20180815T13-04,1744
20180815T12-04,1742
20180815T11-04,1738
20180815T10-04,1721
20180815T09-04,1596
20180815T08-04,1404
20180815T07-04,1381
20180815T06-04,1278
20180815T05-04,1238
20180815T04-04,1277
20180815T03-04,1282
20180815T02-04,1318
20180815T01-04,1547
20180815T00-04,1696
20180814T23-04,1698
20180814T22-04,1711
20180814T21-04,1726
20180814T20-04,1722
20180814T19-04,1718
20180814T18-04,1719
20180814T17-04,1716
20180814T16-04,1713
20180814T15-04,1708
20180814T14-04,1692
20180814T13-04,1667
20180814T12-04,1664
20180814T11-04,1655
20180814T10-04,1648
20180814T09-04,1573
20180814T08-04,1520
20180814T07-04,1398
20180814T06-04,1268
20180814T05-04,1250
20180814T04-04,1249
20180814T03-04,1268
20180814T02-04,1294
20180814T01-04,1551
20180814T00-04,1673
20180813T23-04,1662
20180813T22-04,1669
20180813T21-04,1664
20180813T20-04,1660
20180813T19-04,1663
20180813T18-04,1660
20180813T17-04,1657
20180813T16-04,1654
20180813T15-04,1650
20180813T14-04,1645
20180813T13-04,1647
20180813T12-04,1744
20180813T11-04,1823
20180813T10-04,1813
20180813T09-04,1779
20180813T08-04,1776
20180813T07-04,1522
20180813T06-04,1228
20180813T05-04,985
20180813T04-04,943
20180813T03-04,1079
20180813T02-04,1171
20180813T01-04,1019
20180813T00-04,1129
20180812T23-04,1354
20180812T22-04,1351
20180812T21-04,1348
20180812T20-04,1354
20180812T19-04,1603
20180812T18-04,1883
20180812T17-04,1619
20180812T16-04,1291
20180812T15-04,1254
20180812T14-04,1219
20180812T13-04,1180
20180812T12-04,1163
20180812T11-04,1170
20180812T10-04,1168
20180812T09-04,1174
20180812T08-04,1169
20180812T07-04,1170
20180812T06-04,1179
20180812T05-04,1180
20180812T04-04,1179
20180812T03-04,1181
20180812T02-04,1182
20180812T01-04,1181
20180812T00-04,1171
20180811T23-04,1179
20180811T22-04,1182
20180811T21-04,1182
20180811T20-04,1181
20180811T19-04,1442
20180811T18-04,1732
20180811T17-04,1500
20180811T16-04,1178
20180811T15-04,1173
20180811T14-04,1177
20180811T13-04,1180
20180811T12-04,1177
20180811T11-04,1173
20180811T10-04,1172
20180811T09-04,1171
20180811T08-04,1169
20180811T07-04,1171
20180811T06-04,1170
20180811T05-04,1169
20180811T04-04,1169
20180811T03-04,1171
20180811T02-04,1174
20180811T01-04,1406
20180811T00-04,1735
20180810T23-04,1740
20180810T22-04,1750
20180810T21-04,1752
20180810T20-04,1738
20180810T19-04,1692
20180810T18-04,1625
20180810T17-04,1697
20180810T16-04,1736
20180810T15-04,1668
20180810T14-04,1643
20180810T13-04,1647
20180810T12-04,1707
20180810T11-04,1744
20180810T10-04,1744
20180810T09-04,1732
20180810T08-04,1715
20180810T07-04,1661
20180810T06-04,1406
20180810T05-04,1162
20180810T04-04,1125
20180810T03-04,1299
20180810T02-04,1564
20180810T01-04,1670
20180810T00-04,1698
20180809T23-04,1704
20180809T22-04,1792
20180809T21-04,1897
20180809T20-04,1902
20180809T19-04,1902
20180809T18-04,1920
20180809T17-04,1936
20180809T16-04,1935
20180809T15-04,1938
20180809T14-04,1938
20180809T13-04,1937
20180809T12-04,1937
20180809T11-04,1935
20180809T10-04,1929
20180809T09-04,1910
20180809T08-04,1876
20180809T07-04,1586
20180809T06-04,1383
20180809T05-04,1260
20180809T04-04,1274
20180809T03-04,1413
20180809T02-04,1399
20180809T01-04,1390
20180809T00-04,1628
20180808T23-04,1948
20180808T22-04,1953
20180808T21-04,1953
20180808T20-04,1953
20180808T19-04,1952
20180808T18-04,1946
20180808T17-04,1941
20180808T16-04,1945
20180808T15-04,1945
20180808T14-04,1951
20180808T13-04,1948
20180808T12-04,1949
20180808T11-04,1950
20180808T10-04,1943
20180808T09-04,1937
20180808T08-04,1913
20180808T07-04,1684
20180808T06-04,1453
20180808T05-04,1442
20180808T04-04,1480
20180808T03-04,1743
20180808T02-04,1789
20180808T01-04,1859
20180808T00-04,1926
20180807T23-04,1927
20180807T22-04,1940
20180807T21-04,1944
20180807T20-04,1945
20180807T19-04,1943
20180807T18-04,1939
20180807T17-04,1932
20180807T16-04,1939
20180807T15-04,1941
20180807T14-04,1940
20180807T13-04,1937
20180807T12-04,1920
20180807T11-04,1920
20180807T10-04,1916
20180807T09-04,1920
20180807T08-04,1892
20180807T07-04,1805
20180807T06-04,1474
20180807T05-04,1356
20180807T04-04,1394
20180807T03-04,1617
20180807T02-04,1678
20180807T01-04,1918
20180807T00-04,1937
20180806T23-04,1940
20180806T22-04,1939
20180806T21-04,1948
20180806T20-04,1937
20180806T19-04,1939
20180806T18-04,1932
20180806T17-04,1938
20180806T16-04,1937
20180806T15-04,1939
20180806T14-04,1933
20180806T13-04,1930
20180806T12-04,1934
20180806T11-04,1927
20180806T10-04,1908
20180806T09-04,1865
20180806T08-04,1599
20180806T07-04,1356
20180806T06-04,1355
20180806T05-04,1342
20180806T04-04,1347
20180806T03-04,1445
20180806T02-04,1790
20180806T01-04,1883
20180806T00-04,1938
20180805T23-04,1915
20180805T22-04,1922
20180805T21-04,1918
20180805T20-04,1922
20180805T19-04,1917
20180805T18-04,1924
20180805T17-04,1905
20180805T16-04,1905
20180805T15-04,1903
20180805T14-04,1898
20180805T13-04,1888
20180805T12-04,1878
20180805T11-04,1787
20180805T10-04,1428
20180805T09-04,1165
20180805T08-04,903
20180805T07-04,831
20180805T06-04,837
20180805T05-04,797
20180805T04-04,776
20180805T03-04,771
20180805T02-04,1022
20180805T01-04,1282
20180805T00-04,1508
20180804T23-04,1730
20180804T22-04,1734
20180804T21-04,1742
20180804T20-04,1735
20180804T19-04,1741
20180804T18-04,1736
20180804T17-04,1735
20180804T16-04,1734
20180804T15-04,1732
20180804T14-04,1747
20180804T13-04,1734
20180804T12-04,1742
20180804T11-04,1734
20180804T10-04,1489
20180804T09-04,1249
20180804T08-04,1176
20180804T07-04,1171
20180804T06-04,1145
20180804T05-04,1099
20180804T04-04,1170
20180804T03-04,1164
20180804T02-04,1276
20180804T01-04,1633
20180804T00-04,1746
20180803T23-04,1746
20180803T22-04,1743
20180803T21-04,1740
20180803T20-04,1738
20180803T19-04,1741
20180803T18-04,1737
20180803T17-04,1737
20180803T16-04,1736
20180803T15-04,1741
20180803T14-04,1732
20180803T13-04,1743
20180803T12-04,1727
20180803T11-04,1733
20180803T10-04,1719
20180803T09-04,1699
20180803T08-04,1690
20180803T07-04,1596
20180803T06-04,1297
20180803T05-04,1165
20180803T04-04,1183
20180803T03-04,1364
20180803T02-04,1447
20180803T01-04,1673
20180803T00-04,1652
20180802T23-04,1730
20180802T22-04,1749
20180802T21-04,1734
20180802T20-04,1739
20180802T19-04,1744
20180802T18-04,1738
20180802T17-04,1749
20180802T16-04,1745
20180802T15-04,1741
20180802T14-04,1737
20180802T13-04,1719
20180802T12-04,1740
20180802T11-04,1740
20180802T10-04,1737
20180802T09-04,1711
20180802T08-04,1662
20180802T07-04,1486
20180802T06-04,1211
20180802T05-04,1172
20180802T04-04,1167
20180802T03-04,1203
20180802T02-04,1302
20180802T01-04,1524
20180802T00-04,1738
20180801T23-04,1740
20180801T22-04,1748
20180801T21-04,1738
20180801T20-04,1745
20180801T19-04,1740
20180801T18-04,1751
20180801T17-04,1754
20180801T16-04,1755
20180801T15-04,1748
20180801T14-04,1751
20180801T13-04,1750
20180801T12-04,1750
20180801T11-04,1752
20180801T10-04,1749
20180801T09-04,1740
20180801T08-04,1637
20180801T07-04,1379
20180801T06-04,1200
20180801T05-04,1171
20180801T04-04,1167
20180801T03-04,1180
20180801T02-04,1232
20180801T01-04,1335
20180801T00-04,1714
20180731T23-04,1835
20180731T22-04,1842
20180731T21-04,1824
20180731T20-04,1855
20180731T19-04,1848
20180731T18-04,1846
20180731T17-04,1849
20180731T16-04,1848
20180731T15-04,1813
20180731T14-04,1889
20180731T13-04,1946
20180731T12-04,1939
20180731T11-04,1947
20180731T10-04,1938
20180731T09-04,1844
20180731T08-04,1707
20180731T07-04,1513
20180731T06-04,1381
20180731T05-04,1368
20180731T04-04,1361
20180731T03-04,1362
20180731T02-04,1369
20180731T01-04,1399
20180731T00-04,1670
20180730T23-04,1943
20180730T22-04,1937
20180730T21-04,1948
20180730T20-04,1947
20180730T19-04,1946
20180730T18-04,1936
20180730T17-04,1942
20180730T16-04,1946
20180730T15-04,1944
20180730T14-04,1939
20180730T13-04,1933
20180730T12-04,1947
20180730T11-04,1930
20180730T10-04,1928
20180730T09-04,1911
20180730T08-04,1744
20180730T07-04,1195
20180730T06-04,851
20180730T05-04,848
20180730T04-04,852
20180730T03-04,849
20180730T02-04,862
20180730T01-04,1057
20180730T00-04,1556
20180729T23-04,1941
20180729T22-04,1944
20180729T21-04,1945
20180729T20-04,1949
20180729T19-04,1953
20180729T18-04,1943
20180729T17-04,1950
20180729T16-04,1945
20180729T15-04,1945
20180729T14-04,1937
20180729T13-04,1927
20180729T12-04,1906
20180729T11-04,1522
20180729T10-04,1349
20180729T09-04,1082
20180729T08-04,882
20180729T07-04,927
20180729T06-04,996
20180729T05-04,1105
20180729T04-04,1258
20180729T03-04,1387
20180729T02-04,1405
20180729T01-04,1518
20180729T00-04,1831
20180728T23-04,1938
20180728T22-04,1948
20180728T21-04,1948
20180728T20-04,1948
20180728T19-04,1958
20180728T18-04,1962
20180728T17-04,1952
20180728T16-04,1955
20180728T15-04,1960
20180728T14-04,1944
20180728T13-04,1935
20180728T12-04,1948
20180728T11-04,1921
20180728T10-04,1872
20180728T09-04,1543
20180728T08-04,1358
20180728T07-04,1355
20180728T06-04,1308
20180728T05-04,1289
20180728T04-04,1392
20180728T03-04,1403
20180728T02-04,1402
20180728T01-04,1580
20180728T00-04,1873
20180727T23-04,1929
20180727T22-04,1930
20180727T21-04,1937
20180727T20-04,1928
20180727T19-04,1952
20180727T18-04,1933
20180727T17-04,1945
20180727T16-04,1936
20180727T15-04,1939
20180727T14-04,1905
20180727T13-04,1915
20180727T12-04,1904
20180727T11-04,1906
20180727T10-04,1894
20180727T09-04,1825
20180727T08-04,1516
20180727T07-04,1352
20180727T06-04,1229
20180727T05-04,1155
20180727T04-04,1323
20180727T03-04,1335
20180727T02-04,1400
20180727T01-04,1768
20180727T00-04,1886
20180726T23-04,1832
20180726T22-04,1803
20180726T21-04,1757
20180726T20-04,1738
20180726T19-04,1735
20180726T18-04,1706
20180726T17-04,1665
20180726T16-04,1675
20180726T15-04,1675
20180726T14-04,1670
20180726T13-04,1661
20180726T12-04,1636
20180726T11-04,1592
20180726T10-04,1535
20180726T09-04,1418
20180726T08-04,1140
20180726T07-04,893
20180726T06-04,764
20180726T05-04,729
20180726T04-04,750
20180726T03-04,881
20180726T02-04,1141
20180726T01-04,1193
20180726T00-04,1427
20180725T23-04,1714
20180725T22-04,1711
20180725T21-04,1732
20180725T20-04,1734
20180725T19-04,1737
20180725T18-04,1740
20180725T17-04,1732
20180725T16-04,1738
20180725T15-04,1733
20180725T14-04,1735
20180725T13-04,1736
20180725T12-04,1745
20180725T11-04,1760
20180725T10-04,1738
20180725T09-04,1722
20180725T08-04,1708
20180725T07-04,1679
20180725T06-04,1447
20180725T05-04,1273
20180725T04-04,1280
20180725T03-04,1459
20180725T02-04,1644
20180725T01-04,1689
20180725T00-04,1732
20180724T23-04,1734
20180724T22-04,1737
20180724T21-04,1742
20180724T20-04,1752
20180724T19-04,1750
20180724T18-04,1743
20180724T17-04,1750
20180724T16-04,1750
20180724T15-04,1737
20180724T14-04,1746
20180724T13-04,1747
20180724T12-04,1742
20180724T11-04,1745
20180724T10-04,1749
20180724T09-04,1740
20180724T08-04,1745
20180724T07-04,1723
20180724T06-04,1478
20180724T05-04,1269
20180724T04-04,1287
20180724T03-04,1511
20180724T02-04,1727
20180724T01-04,1717
20180724T00-04,1718
20180723T23-04,1728
20180723T22-04,1742
20180723T21-04,1752
20180723T20-04,1756
20180723T19-04,1751
20180723T18-04,1744
20180723T17-04,1745
20180723T16-04,1749
20180723T15-04,1745
20180723T14-04,1742
20180723T13-04,1744
20180723T12-04,1744
20180723T11-04,1739
20180723T10-04,1738
20180723T09-04,1716
20180723T08-04,1622
20180723T07-04,1406
20180723T06-04,1178
20180723T05-04,1161
20180723T04-04,1159
20180723T03-04,1169
20180723T02-04,1182
20180723T01-04,1366
20180723T00-04,1658
20180722T23-04,1717
20180722T22-04,1723
20180722T21-04,1731
20180722T20-04,1733
20180722T19-04,1740
20180722T18-04,1733
20180722T17-04,1724
20180722T16-04,1724
20180722T15-04,1727
20180722T14-04,1719
20180722T13-04,1679
20180722T12-04,1415
20180722T11-04,1274
20180722T10-04,1226
20180722T09-04,1105
20180722T08-04,1063
20180722T07-04,1049
20180722T06-04,999
20180722T05-04,1024
20180722T04-04,1101
20180722T03-04,1079
20180722T02-04,1032
20180722T01-04,984
20180722T00-04,1083
20180721T23-04,1158
20180721T22-04,1160
20180721T21-04,1168
20180721T20-04,1469
20180721T19-04,1735
20180721T18-04,1724
20180721T17-04,1731
20180721T16-04,1739
20180721T15-04,1740
20180721T14-04,1736
20180721T13-04,1728
20180721T12-04,1712
20180721T11-04,1711
20180721T10-04,1675
20180721T09-04,1440
20180721T08-04,1168
20180721T07-04,1077
20180721T06-04,1036
20180721T05-04,974
20180721T04-04,967
20180721T03-04,992
20180721T02-04,1199
20180721T01-04,1429
20180721T00-04,1541
20180720T23-04,1549
20180720T22-04,1548
20180720T21-04,1553
20180720T20-04,1553
20180720T19-04,1553
20180720T18-04,1546
20180720T17-04,1555
20180720T16-04,1561
20180720T15-04,1563
20180720T14-04,1561
20180720T13-04,1560
20180720T12-04,1553
20180720T11-04,1552
20180720T10-04,1551
20180720T09-04,1546
20180720T08-04,1541
20180720T07-04,1331
20180720T06-04,1012
20180720T05-04,972
20180720T04-04,971
20180720T03-04,994
20180720T02-04,1199
20180720T01-04,1347
20180720T00-04,1686
20180719T23-04,1745
20180719T22-04,1762
20180719T21-04,1873
20180719T20-04,1959
20180719T19-04,1958
20180719T18-04,1953
20180719T17-04,1956
20180719T16-04,1953
20180719T15-04,1956
20180719T14-04,1952
20180719T13-04,1950
20180719T12-04,1949
20180719T11-04,1945
20180719T10-04,1927
20180719T09-04,1851
20180719T08-04,1776
20180719T07-04,1522
20180719T06-04,1238
20180719T05-04,1169
20180719T04-04,1069
20180719T03-04,1069
20180719T02-04,1234
20180719T01-04,1645
20180719T00-04,1925
20180718T23-04,1909
20180718T22-04,1918
20180718T21-04,1952
20180718T20-04,1951
20180718T19-04,1946
20180718T18-04,1945
20180718T17-04,1944
20180718T16-04,1945
20180718T15-04,1948
20180718T14-04,1949
20180718T13-04,1944
20180718T12-04,1933
20180718T11-04,1933
20180718T10-04,1931
20180718T09-04,1878
20180718T08-04,1545
20180718T07-04,1289
20180718T06-04,1197
20180718T05-04,1100
20180718T04-04,1051
20180718T03-04,1113
20180718T02-04,1523
20180718T01-04,1812
20180718T00-04,1905
20180717T23-04,1924
20180717T22-04,1950
20180717T21-04,1947
20180717T20-04,1951
20180717T19-04,1937
20180717T18-04,1938
20180717T17-04,1923
20180717T16-04,1930
20180717T15-04,1927
20180717T14-04,1936
20180717T13-04,1928
20180717T12-04,1929
20180717T11-04,1928
20180717T10-04,1930
20180717T09-04,1918
20180717T08-04,1893
20180717T07-04,1884
20180717T06-04,1872
20180717T05-04,1697
20180717T04-04,1749
20180717T03-04,1861
20180717T02-04,1882
20180717T01-04,1885
20180717T00-04,1874
20180716T23-04,1897
20180716T22-04,1904
20180716T21-04,1904
20180716T20-04,1880
20180716T19-04,1836
20180716T18-04,1818
20180716T17-04,1815
20180716T16-04,1817
20180716T15-04,1801
20180716T14-04,1805
20180716T13-04,1802
20180716T12-04,1792
20180716T11-04,1832
20180716T10-04,1902
20180716T09-04,1892
20180716T08-04,1882
20180716T07-04,1798
20180716T06-04,1667
20180716T05-04,1511
20180716T04-04,1561
20180716T03-04,1648
20180716T02-04,1674
20180716T01-04,1665
20180716T00-04,1689
20180715T23-04,1825
20180715T22-04,1816
20180715T21-04,1777
20180715T20-04,1723
20180715T19-04,1716
20180715T18-04,1720
20180715T17-04,1716
20180715T16-04,1714
20180715T15-04,1703
20180715T14-04,1696
20180715T13-04,1698
20180715T12-04,1694
20180715T11-04,1690
20180715T10-04,1601
20180715T09-04,1313
20180715T08-04,1143
20180715T07-04,1077
20180715T06-04,1061
20180715T05-04,1093
20180715T04-04,1279
20180715T03-04,1456
20180715T02-04,1463
20180715T01-04,1463
20180715T00-04,1578
20180714T23-04,1684
20180714T22-04,1687
20180714T21-04,1689
20180714T20-04,1689
20180714T19-04,1691
20180714T18-04,1689
20180714T17-04,1688
20180714T16-04,1688
20180714T15-04,1684
20180714T14-04,1682
20180714T13-04,1679
20180714T12-04,1678
20180714T11-04,1672
20180714T10-04,1669
20180714T09-04,1614
20180714T08-04,1482
20180714T07-04,1425
20180714T06-04,1430
20180714T05-04,1411
20180714T04-04,1442
20180714T03-04,1617
20180714T02-04,1652
20180714T01-04,1612
20180714T00-04,1570
20180713T23-04,1551
20180713T22-04,1534
20180713T21-04,1522
20180713T20-04,1507
20180713T19-04,1504
20180713T18-04,1510
20180713T17-04,1507
20180713T16-04,1523
20180713T15-04,1518
20180713T14-04,1521
20180713T13-04,1522
20180713T12-04,1529
20180713T11-04,1528
20180713T10-04,1520
20180713T09-04,1524
20180713T08-04,1509
20180713T07-04,1404
20180713T06-04,1179
20180713T05-04,1089
20180713T04-04,1205
20180713T03-04,1396
20180713T02-04,1383
20180713T01-04,1377
20180713T00-04,1411
20180712T23-04,1419
20180712T22-04,1525
20180712T21-04,1527
20180712T20-04,1523
20180712T19-04,1517
20180712T18-04,1512
20180712T17-04,1509
20180712T16-04,1508
20180712T15-04,1509
20180712T14-04,1506
20180712T13-04,1510
20180712T12-04,1510
20180712T11-04,1504
20180712T10-04,1502
20180712T09-04,1505
20180712T08-04,1484
20180712T07-04,1306
20180712T06-04,1068
20180712T05-04,1005
20180712T04-04,1083
20180712T03-04,1323
20180712T02-04,1361
20180712T01-04,1488
20180712T00-04,1672
20180711T23-04,1672
20180711T22-04,1678
20180711T21-04,1683
20180711T20-04,1693
20180711T19-04,1706
20180711T18-04,1724
20180711T17-04,1741
20180711T16-04,1753
20180711T15-04,1756
20180711T14-04,1759
20180711T13-04,1766
20180711T12-04,1765
20180711T11-04,1765
20180711T10-04,1760
20180711T09-04,1740
20180711T08-04,1727
20180711T07-04,1705
20180711T06-04,1612
20180711T05-04,1352
20180711T04-04,1421
20180711T03-04,1683
20180711T02-04,1717
20180711T01-04,1709
20180711T00-04,1720
20180710T23-04,1725
20180710T22-04,1726
20180710T21-04,1723
20180710T20-04,1721
20180710T19-04,1718
20180710T18-04,1714
20180710T17-04,1712
20180710T16-04,1733
20180710T15-04,1738
20180710T14-04,1739
20180710T13-04,1739
20180710T12-04,1743
20180710T11-04,1743
20180710T10-04,1741
20180710T09-04,1737
20180710T08-04,1598
20180710T07-04,1319
20180710T06-04,1061
20180710T05-04,863
20180710T04-04,963
20180710T03-04,1228
20180710T02-04,1301
20180710T01-04,1616
20180710T00-04,1729
20180709T23-04,1746
20180709T22-04,1752
20180709T21-04,1748
20180709T20-04,1727
20180709T19-04,1720
20180709T18-04,1720
20180709T17-04,1727
20180709T16-04,1728
20180709T15-04,1735
20180709T14-04,1735
20180709T13-04,1726
20180709T12-04,1718
20180709T11-04,1715
20180709T10-04,1674
20180709T09-04,1528
20180709T08-04,1150
20180709T07-04,916
20180709T06-04,812
20180709T05-04,754
20180709T04-04,766
20180709T03-04,848
20180709T02-04,966
20180709T01-04,1262
20180709T00-04,1451
20180708T23-04,1556
20180708T22-04,1562
20180708T21-04,1561
20180708T20-04,1557
20180708T19-04,1557
20180708T18-04,1558
20180708T17-04,1556
20180708T16-04,1555
20180708T15-04,1554
20180708T14-04,1553
20180708T13-04,1554
20180708T12-04,1525
20180708T11-04,1295
20180708T10-04,865
20180708T09-04,678
20180708T08-04,677
20180708T07-04,676
20180708T06-04,676
20180708T05-04,678
20180708T04-04,678
20180708T03-04,668
20180708T02-04,672
20180708T01-04,795
20180708T00-04,1104
20180707T23-04,1459
20180707T22-04,1545
20180707T21-04,1528
20180707T20-04,1558
20180707T19-04,1557
20180707T18-04,1559
20180707T17-04,1557
20180707T16-04,1559
20180707T15-04,1557
20180707T14-04,1551
20180707T13-04,1524
20180707T12-04,1310
20180707T11-04,1129
20180707T10-04,1136
20180707T09-04,847
20180707T08-04,664
20180707T07-04,666
20180707T06-04,667
20180707T05-04,671
20180707T04-04,700
20180707T03-04,803
20180707T02-04,829
20180707T01-04,904
20180707T00-04,1181
20180706T23-04,1538
20180706T22-04,1570
20180706T21-04,1575
20180706T20-04,1575
20180706T19-04,1577
20180706T18-04,1578
20180706T17-04,1577
20180706T16-04,1579
20180706T15-04,1582
20180706T14-04,1579
20180706T13-04,1571
20180706T12-04,1559
20180706T11-04,1574
20180706T10-04,1573
20180706T09-04,1573
20180706T08-04,1571
20180706T07-04,1569
20180706T06-04,1561
20180706T05-04,1561
20180706T04-04,1560
20180706T03-04,1560
20180706T02-04,1559
20180706T01-04,1732
20180706T00-04,1942
20180705T23-04,1951
20180705T22-04,1953
20180705T21-04,1958
20180705T20-04,1962
20180705T19-04,1962
20180705T18-04,1959
20180705T17-04,1954
20180705T16-04,1941
20180705T15-04,1896
20180705T14-04,1841
20180705T13-04,1962
20180705T12-04,1961
20180705T11-04,1957
20180705T10-04,1954
20180705T09-04,1952
20180705T08-04,1947
20180705T07-04,1945
20180705T06-04,1921
20180705T05-04,1769
20180705T04-04,1819
20180705T03-04,1930
20180705T02-04,1953
20180705T01-04,1950
20180705T00-04,1910
20180704T23-04,1963
20180704T22-04,1967
20180704T21-04,1971
20180704T20-04,1964
20180704T19-04,1966
20180704T18-04,1971
20180704T17-04,1968
20180704T16-04,1964
20180704T15-04,1966
20180704T14-04,1971
20180704T13-04,1961
20180704T12-04,1960
20180704T11-04,1963
20180704T10-04,1959
20180704T09-04,1948
20180704T08-04,1915
20180704T07-04,1916
20180704T06-04,1942
20180704T05-04,1945
20180704T04-04,1944
20180704T03-04,1947
20180704T02-04,1948
20180704T01-04,1992
20180704T00-04,1946
20180703T23-04,1957
20180703T22-04,1975
20180703T21-04,2116
20180703T20-04,2129
20180703T19-04,2132
20180703T18-04,2131
20180703T17-04,2135
20180703T16-04,2127
20180703T15-04,2133
20180703T14-04,2135
20180703T13-04,2116
20180703T12-04,2115
20180703T11-04,2089
20180703T10-04,2056
20180703T09-04,2047
20180703T08-04,2037
20180703T07-04,2024
20180703T06-04,2031
20180703T05-04,1972
20180703T04-04,1984
20180703T03-04,2014
20180703T02-04,2031
20180703T01-04,2029
20180703T00-04,2048
20180702T23-04,2052
20180702T22-04,2096
20180702T21-04,2138
20180702T20-04,2149
20180702T19-04,2160
20180702T18-04,2172
20180702T17-04,2069
20180702T16-04,2145
20180702T15-04,2191
20180702T14-04,2188
20180702T13-04,2181
20180702T12-04,2184
20180702T11-04,2173
20180702T10-04,2168
20180702T09-04,2163
20180702T08-04,2155
20180702T07-04,2157
20180702T06-04,2034
20180702T05-04,1878
20180702T04-04,1966
20180702T03-04,1989
20180702T02-04,1993
20180702T01-04,1977
20180702T00-04,2034
20180701T23-04,2103
20180701T22-04,2062
20180701T21-04,2025
20180701T20-04,1968
20180701T19-04,1970
20180701T18-04,1960
20180701T17-04,1945
20180701T16-04,1952
20180701T15-04,1964
20180701T14-04,1962
20180701T13-04,1940
20180701T12-04,1869
20180701T11-04,1858
20180701T10-04,1851
20180701T09-04,1721
20180701T08-04,1415
20180701T07-04,1279
20180701T06-04,1240
20180701T05-04,1284
20180701T04-04,1495
20180701T03-04,1637
20180701T02-04,1603
20180701T01-04,1638
